start_date_iso,end_date_iso,base_time_seconds,increment,status,id,name,url,game_type,start_time,end_time,game_time_class,min_membership_level,registered_user_count,is_club,is_multi_club_type,min_players,max_players,min_rating,max_rating,event_type,year
"2024-11-27T09:59:37-08:00","2024-11-27T11:59:37-08:00",600,0,"finished",3827951,"Рапид - 10/0 - 27.11","https://www.chess.com/tournament/live/arena/---100---2711-3827951","chess",1732730377,1732737577,"standard",10,16,true,false,,3000,,,"arena",2024
"2024-11-26T09:59:22-08:00","2024-11-26T11:29:22-08:00",120,1,"finished",3827305,"Булит - 2/1 - 26.11","https://www.chess.com/tournament/live/arena/---21---2611-3827305","chess",1732643962,1732649362,"lightning",10,17,true,false,,3000,,,"arena",2024
"2024-11-25T09:59:11-08:00","2024-11-25T11:29:11-08:00",300,0,"finished",3826467,"Блиц  -  25.11 ","https://www.chess.com/tournament/live/arena/-----2511--3826467","chess",1732557551,1732562951,"blitz",10,17,true,false,,3000,,,"arena",2024
"2024-11-22T10:00:01-08:00","2024-11-22T11:30:01-08:00",300,2,"finished",3823083,"Фишер 960","https://www.chess.com/tournament/live/arena/-960-3823083","chess960",1732298401,1732303801,"blitz",10,15,true,false,,3000,,,"arena",2024
"2024-11-21T09:59:25-08:00","2024-11-21T11:29:25-08:00",180,2,"finished",3812089,"Блиц 21.11","https://www.chess.com/tournament/live/arena/-2111-3812089","chess",1732211965,1732217365,"blitz",10,16,true,false,,3000,,,"arena",2024
"2024-11-20T09:59:28-08:00","2024-11-20T11:59:28-08:00",600,0,"finished",3810529,"Рапид - 20.11","https://www.chess.com/tournament/live/arena/---2011-3810529","chess",1732125568,1732132768,"standard",10,19,true,false,,3000,,,"arena",2024
"2024-11-19T09:59:24-08:00","2024-11-19T11:29:24-08:00",120,1,"finished",3809763,"Булит -19.11","https://www.chess.com/tournament/live/arena/--1911-3809763","chess",1732039164,1732044564,"lightning",10,15,true,false,,3000,,,"arena",2024
"2024-11-14T08:59:46-08:00","2024-11-14T10:29:46-08:00",180,2,"finished",3793821,"Блиц - 14.11","https://www.chess.com/tournament/live/arena/---1411-3793821","chess",1731603586,1731608986,"blitz",10,24,true,false,,3000,,,"arena",2024
"2024-11-13T08:59:12-08:00","2024-11-13T10:59:12-08:00",600,0,"finished",3792569,"Рапид - 13.11","https://www.chess.com/tournament/live/arena/---1311-3792569","chess",1731517152,1731524352,"standard",10,23,true,false,,3000,,,"arena",2024
"2024-11-12T08:59:26-08:00","2024-11-12T10:29:26-08:00",120,1,"finished",3791277,"Булит - 12.11","https://www.chess.com/tournament/live/arena/---1211-3791277","chess",1731430766,1731436166,"lightning",10,10,true,false,,3000,,,"arena",2024
"2024-11-08T08:59:17-08:00","2024-11-08T10:29:17-08:00",300,2,"finished",3786767,"Фишер 960","https://www.chess.com/tournament/live/arena/-960-3786767","chess960",1731085157,1731090557,"blitz",10,12,true,false,,3000,,,"arena",2024
"2024-11-07T08:59:07-08:00","2024-11-07T10:29:07-08:00",180,2,"finished",3785965,"бЛИЦ - 07.11","https://www.chess.com/tournament/live/arena/---0711-3785965","chess",1730998747,1731004147,"blitz",10,11,true,false,,3000,,,"arena",2024
"2024-11-05T08:59:49-08:00","2024-11-05T10:29:49-08:00",120,1,"finished",3783529,"Булит - 05.11","https://www.chess.com/tournament/live/arena/---0511-3783529","chess",1730825989,1730831389,"lightning",10,12,true,false,,3000,,,"arena",2024
"2024-11-04T08:59:32-08:00","2024-11-04T10:29:32-08:00",300,0,"finished",3782447,"Блиц - 04.11","https://www.chess.com/tournament/live/arena/---0411-3782447","chess",1730739572,1730744972,"blitz",10,12,true,false,,3000,,,"arena",2024
"2024-11-01T11:59:58-07:00","2024-11-01T13:29:58-07:00",180,2,"finished",3779253,"Фишер 960 - 01-11","https://www.chess.com/tournament/live/arena/-960---01-11-3779253","chess960",1730487598,1730492998,"blitz",10,10,true,false,,3000,,,"arena",2024
"2024-10-31T11:59:25-07:00","2024-10-31T13:29:25-07:00",180,2,"finished",3767651,"Блиц - 31.10","https://www.chess.com/tournament/live/arena/---3110-3767651","chess",1730401165,1730406565,"blitz",10,14,true,false,,3000,,,"arena",2024
"2024-10-30T11:59:13-07:00","2024-10-30T14:59:13-07:00",600,0,"finished",3766399,"Рапид - 30.10","https://www.chess.com/tournament/live/arena/---3010-3766399","chess",1730314753,1730325553,"standard",10,12,true,false,,3000,,,"arena",2024
"2024-10-29T11:59:42-07:00","2024-10-29T13:29:42-07:00",120,1,"finished",3765317,"Булит - 29.10","https://www.chess.com/tournament/live/arena/---2910-3765317","chess",1730228382,1730233782,"lightning",10,15,true,false,,3000,,,"arena",2024
"2024-10-28T11:59:23-07:00","2024-10-28T13:29:23-07:00",300,0,"finished",3764485,"Блиц - 28.10","https://www.chess.com/tournament/live/arena/---2810-3764485","chess",1730141963,1730147363,"blitz",10,12,true,false,,3000,,,"arena",2024
"2024-10-25T10:59:10-07:00","2024-10-25T12:29:10-07:00",300,2,"finished",3760799,"960 Фишер","https://www.chess.com/tournament/live/arena/960--3760799","chess960",1729879150,1729884550,"blitz",10,15,true,false,,3000,,,"arena",2024
"2024-10-23T10:59:05-07:00","2024-10-23T11:42:38-07:00",600,0,"finished",5172025,"Рапид - 23.10","https://www.chess.com/tournament/live/---2310-5172025","chess",1729706345,1729708958,"standard",10,8,true,false,,2000,,,"swiss",2024
"2024-10-16T10:59:19-07:00","2024-10-16T11:54:12-07:00",600,0,"finished",5151899,"Рапид - 16.10","https://www.chess.com/tournament/live/---1610-5151899","chess",1729101559,1729104852,"standard",10,5,true,false,,2000,,,"swiss",2024
"2024-10-09T10:59:47-07:00","2024-10-09T11:33:14-07:00",600,0,"finished",5132451,"Рапид - 09.10","https://www.chess.com/tournament/live/---0910-5132451","chess",1728496787,1728498794,"standard",10,9,true,false,,2000,,,"swiss",2024
"2024-10-04T10:59:44-07:00","2024-10-04T11:39:59-07:00",600,0,"finished",5125781,"Rapid 10/0 Swiss","https://www.chess.com/tournament/live/rapid-100-swiss-5125781","chess",1728064784,1728067199,"standard",10,7,true,false,,2000,,,"swiss",2024
"2024-07-10T10:59:20-07:00","2024-07-10T11:46:04-07:00",600,0,"finished",4903283,"Рапид - 10.07","https://www.chess.com/tournament/live/---1007-4903283","chess",1720634360,1720637164,"standard",10,5,true,false,,2000,,,"swiss",2024
"2024-07-03T10:59:08-07:00","2024-07-03T12:11:02-07:00",600,0,"finished",4884973,"Рапид - 03.07","https://www.chess.com/tournament/live/---0307-4884973","chess",1720029548,1720033862,"standard",10,10,true,false,,2000,,,"swiss",2024
"2024-06-26T10:59:31-07:00","2024-06-26T12:03:49-07:00",600,0,"finished",4866933,"Рапид  26.06","https://www.chess.com/tournament/live/--2606-4866933","chess",1719424771,1719428629,"standard",10,12,true,false,,2000,,,"swiss",2024
"2024-06-19T10:59:59-07:00","2024-06-19T11:24:56-07:00",600,0,"finished",4848305,"Рапид 19.06","https://www.chess.com/tournament/live/-1906-4848305","chess",1718819999,1718821496,"standard",10,5,true,false,,2000,,,"swiss",2024
"2024-06-12T10:59:40-07:00","2024-06-12T11:48:45-07:00",600,0,"finished",4830498,"Рапид 12.06","https://www.chess.com/tournament/live/-1206-4830498","chess",1718215180,1718218125,"standard",10,8,true,false,,2000,,,"swiss",2024
"2024-06-05T10:59:10-07:00","2024-06-05T12:22:33-07:00",600,0,"finished",4815890,"Рапид 05.06","https://www.chess.com/tournament/live/-0506-4815890","chess",1717610350,1717615353,"standard",10,13,true,false,,2000,,,"swiss",2024
"2024-05-28T10:59:07-07:00","2024-05-28T11:48:44-07:00",600,2,"finished",4800075,"Рапид","https://www.chess.com/tournament/live/-4800075","chess",1716919147,1716922124,"standard",10,5,true,false,,2000,,,"swiss",2024
"2024-05-22T10:59:31-07:00","2024-05-22T12:11:33-07:00",600,0,"finished",4787174,"Рапид - 22.05","https://www.chess.com/tournament/live/---2205-4787174","chess",1716400771,1716405093,"standard",10,12,true,false,,2000,,,"swiss",2024
"2024-05-15T10:59:46-07:00","2024-05-15T11:57:14-07:00",600,0,"finished",4773277,"Рапид 15.05","https://www.chess.com/tournament/live/-1505-4773277","chess",1715795986,1715799434,"standard",10,12,true,false,,2000,,,"swiss",2024
"2024-05-08T10:59:14-07:00","2024-05-08T12:05:28-07:00",600,2,"finished",4759328,"Рапид 08.05","https://www.chess.com/tournament/live/-0805-4759328","chess",1715191154,1715195128,"standard",10,9,true,false,,2000,,,"swiss",2024
"2024-05-01T10:30:00-07:00","2024-05-01T11:29:16-07:00",600,2,"finished",4755260,"Рапид  01.05","https://www.chess.com/tournament/live/--0105-4755260","chess",1714584600,1714588156,"standard",10,8,true,false,,2000,,,"swiss",2024
"2024-05-01T06:29:55-07:00","2024-05-01T06:55:29-07:00",180,2,"finished",4755017,"960 - 1 май","https://www.chess.com/tournament/live/960---1--4755017","chess960",1714570195,1714571729,"blitz",10,8,true,false,,2000,,,"swiss",2024
"2024-04-27T11:29:36-07:00","2024-04-27T12:42:16-07:00",300,2,"finished",4752891,"Турнир 5/2","https://www.chess.com/tournament/live/-52-4752891","chess",1714242576,1714246936,"blitz",10,15,true,false,,2000,,,"swiss",2024
"2024-04-24T10:29:17-07:00","2024-04-24T11:56:37-07:00",600,5,"finished",4740668,"Рапид - 24.04","https://www.chess.com/tournament/live/---2404-4740668","chess",1713979757,1713984997,"standard",10,10,true,false,,2000,,,"swiss",2024
"2024-04-17T10:29:47-07:00","2024-04-17T11:44:43-07:00",600,2,"finished",4716601,"Рапид 17.04","https://www.chess.com/tournament/live/-1704-4716601","chess",1713374987,1713379483,"standard",10,12,true,false,,2000,,,"swiss",2024
"2024-04-10T10:29:04-07:00","2024-04-10T11:23:31-07:00",600,0,"finished",4701812,"Рапид - 10.04","https://www.chess.com/tournament/live/---1004-4701812","chess",1712770144,1712773411,"standard",10,9,true,false,,2000,,,"swiss",2024
"2024-10-24T10:59:13-07:00","2024-10-24T12:29:13-07:00",180,2,"finished",3759881,"Блиц - 24.10","https://www.chess.com/tournament/live/arena/---2410-3759881","chess",1729792753,1729798153,"blitz",10,13,true,false,,3000,,,"arena",2024
"2024-10-21T10:59:16-07:00","2024-10-21T12:29:16-07:00",300,0,"finished",3756513,"Блиц - 21.10","https://www.chess.com/tournament/live/arena/---2110-3756513","chess",1729533556,1729538956,"blitz",10,10,true,false,,3000,,,"arena",2024
"2024-10-17T10:59:30-07:00","2024-10-17T12:29:30-07:00",180,2,"finished",3741841,"Блиц - 17.10","https://www.chess.com/tournament/live/arena/---1710-3741841","chess",1729187970,1729193370,"blitz",10,9,true,false,,3000,,,"arena",2024
"2024-10-15T11:00:00-07:00","2024-10-15T12:30:00-07:00",120,1,"finished",3739401,"Булит - 15.10","https://www.chess.com/tournament/live/arena/---1510-3739401","chess",1729015200,1729020600,"lightning",10,9,true,false,,3000,,,"arena",2024
"2024-10-14T10:59:17-07:00","2024-10-14T12:29:17-07:00",300,0,"finished",3738401,"Блиц - 14.10","https://www.chess.com/tournament/live/arena/---1410-3738401","chess",1728928757,1728934157,"blitz",10,12,true,false,,3000,,,"arena",2024
"2024-10-11T10:59:30-07:00","2024-10-11T12:29:30-07:00",180,2,"finished",3734481,"Blitz 3/2","https://www.chess.com/tournament/live/arena/blitz-32-3734481","chess",1728669570,1728674970,"blitz",10,14,true,false,,3000,,,"arena",2024
"2024-10-10T10:59:46-07:00","2024-10-10T12:29:46-07:00",300,2,"finished",3723775,"Фишер 960 - 10.10","https://www.chess.com/tournament/live/arena/-960---1010-3723775","chess960",1728583186,1728588586,"blitz",10,15,true,false,,3000,,,"arena",2024
"2024-10-08T10:59:29-07:00","2024-10-08T12:29:29-07:00",120,1,"finished",3721133,"Булит - 08.10","https://www.chess.com/tournament/live/arena/---0810-3721133","chess",1728410369,1728415769,"lightning",10,15,true,false,,3000,,,"arena",2024
"2024-10-07T10:59:31-07:00","2024-10-07T12:29:31-07:00",300,0,"finished",3720109,"Блиц - 07.10","https://www.chess.com/tournament/live/arena/---0710-3720109","chess",1728323971,1728329371,"blitz",10,11,true,false,,3000,,,"arena",2024
"2024-10-03T10:59:23-07:00","2024-10-03T12:29:23-07:00",180,2,"finished",3705271,"Фишер 960 - 02.10","https://www.chess.com/tournament/live/arena/-960---0210-3705271","chess960",1727978363,1727983763,"blitz",10,12,true,false,,3000,,,"arena",2024
"2024-10-02T11:29:22-07:00","2024-10-02T12:59:22-07:00",180,2,"finished",3704325,"Блиц- 02.10","https://www.chess.com/tournament/live/arena/--0210-3704325","chess",1727893762,1727899162,"blitz",10,12,true,false,,3000,,,"arena",2024
"2024-10-01T10:59:59-07:00","2024-10-01T12:29:59-07:00",120,1,"finished",3702633,"Булит - 01.10","https://www.chess.com/tournament/live/arena/---0110-3702633","chess",1727805599,1727810999,"lightning",10,12,true,false,,3000,,,"arena",2024
"2024-09-26T10:59:59-07:00","2024-09-26T12:59:59-07:00",600,0,"finished",3696521,"Рапид - 26.09","https://www.chess.com/tournament/live/arena/---2609-3696521","chess",1727373599,1727380799,"standard",10,20,true,false,,3000,,,"arena",2024
"2024-09-25T10:59:39-07:00","2024-09-25T12:29:39-07:00",180,2,"finished",3695297,"Блиц - 25.09","https://www.chess.com/tournament/live/arena/---2509-3695297","chess",1727287179,1727292579,"blitz",10,13,true,false,,3000,,,"arena",2024
"2024-09-24T10:59:34-07:00","2024-09-24T12:29:34-07:00",120,1,"finished",3694271,"Булит","https://www.chess.com/tournament/live/arena/-3694271","chess",1727200774,1727206174,"lightning",10,11,true,false,,3000,,,"arena",2024
"2024-07-16T10:59:03-07:00","2024-07-16T12:29:03-07:00",120,1,"finished",3530143,"Булит - 16.07","https://www.chess.com/tournament/live/arena/---1607-3530143","chess",1721152743,1721158143,"lightning",10,9,true,false,,3000,,,"arena",2024
"2024-07-11T10:59:20-07:00","2024-07-11T12:29:20-07:00",180,2,"finished",3515453,"Блиц -11.07","https://www.chess.com/tournament/live/arena/--1107-3515453","chess",1720720760,1720726160,"blitz",10,9,true,false,,3000,,,"arena",2024
"2024-07-09T10:59:58-07:00","2024-07-09T12:29:58-07:00",120,1,"finished",3513521,"Булит - 09.07","https://www.chess.com/tournament/live/arena/---0907-3513521","chess",1720547998,1720553398,"lightning",10,12,true,false,,3000,,,"arena",2024
"2024-07-08T10:59:24-07:00","2024-07-08T12:29:24-07:00",300,0,"finished",3512445,"Блиц - 08.07","https://www.chess.com/tournament/live/arena/---0807-3512445","chess",1720461564,1720466964,"blitz",10,14,true,false,,3000,,,"arena",2024
"2024-07-05T10:59:55-07:00","2024-07-05T12:29:55-07:00",300,2,"finished",3509533,"Фишер 960","https://www.chess.com/tournament/live/arena/-960-3509533","chess960",1720202395,1720207795,"blitz",10,12,true,false,,3000,,,"arena",2024
"2024-04-04T10:29:58-07:00","2024-04-04T10:49:23-07:00",180,2,"finished",4679064,"Блиц 04.04","https://www.chess.com/tournament/live/-0404-4679064","chess",1712251798,1712252963,"blitz",10,8,true,false,,2000,,,"swiss",2024
"2024-03-28T11:30:00-07:00","2024-03-28T13:00:00-07:00",600,0,"finished",4664992,"Рапид 10/0","https://www.chess.com/tournament/live/-100-4664992","chess",1711650600,1711656000,"standard",10,13,true,false,,2000,,,"swiss",2024
"2024-03-22T11:29:54-07:00","2024-03-22T12:26:34-07:00",600,5,"finished",4661403,"960 - 22.03","https://www.chess.com/tournament/live/960---2203-4661403","chess960",1711132194,1711135594,"standard",10,7,true,false,,2000,,,"swiss",2024
"2024-03-20T11:29:53-07:00","2024-03-20T13:03:55-07:00",600,0,"finished",4650177,"Рапид 20.03","https://www.chess.com/tournament/live/-2003-4650177","chess",1710959393,1710965035,"standard",10,14,true,false,,2000,,,"swiss",2024
"2024-03-13T11:29:07-07:00","2024-03-13T12:27:42-07:00",600,0,"finished",4635702,"Рапид 13.03","https://www.chess.com/tournament/live/-1303-4635702","chess",1710354547,1710358062,"standard",10,7,true,false,,2000,,,"swiss",2024
"2024-03-06T10:30:37-08:00","2024-03-06T11:13:40-08:00",600,0,"finished",4620629,"Рапид - 06.03","https://www.chess.com/tournament/live/---0603-4620629","chess",1709749837,1709752420,"standard",10,9,true,false,,2000,,,"swiss",2024
"2024-02-28T10:23:16-08:00","2024-02-28T11:25:29-08:00",600,0,"finished",4606221,"Рапид 28.02","https://www.chess.com/tournament/live/-2802-4606221","chess",1709144596,1709148329,"standard",10,11,true,false,,2000,,,"swiss",2024
"2024-02-25T10:01:48-08:00","2024-02-25T10:50:39-08:00",180,2,"finished",4604640,"Турнир първи ход  h4","https://www.chess.com/tournament/live/----h4-4604640","chess",1708884108,1708887039,"blitz",10,14,true,false,,2000,,,"swiss",2024
"2024-02-21T10:30:56-08:00","2024-02-21T12:21:55-08:00",600,5,"finished",4591919,"Рапид 21.02 ","https://www.chess.com/tournament/live/-2102--4591919","chess",1708540256,1708546915,"standard",10,13,true,false,,2000,,,"swiss",2024
"2024-02-16T10:30:18-08:00","2024-02-16T11:21:41-08:00",300,2,"finished",4589101,"Tournament 960","https://www.chess.com/tournament/live/tournament-960-4589101","chess960",1708108218,1708111301,"blitz",10,10,true,false,,2000,,,"swiss",2024
"2024-02-14T10:31:23-08:00","2024-02-14T12:27:01-08:00",600,2,"finished",4577910,"Рапид 14.02","https://www.chess.com/tournament/live/-1402-4577910","chess",1707935483,1707942421,"standard",10,13,true,false,,2000,,,"swiss",2024
"2024-02-09T10:30:27-08:00","2024-02-09T11:32:45-08:00",300,2,"finished",4574707,"960","https://www.chess.com/tournament/live/960-4574707","chess960",1707503427,1707507165,"blitz",10,13,true,false,,2000,,,"swiss",2024
"2024-02-02T11:41:40-08:00","2024-02-02T12:01:06-08:00",180,1,"finished",4560417,"Блиц 02.02 шв..","https://www.chess.com/tournament/live/-0202--4560417","chess",1706902900,1706904066,"blitz",10,6,true,false,,2000,,,"swiss",2024
"2024-01-30T10:29:45-08:00","2024-01-30T10:45:38-08:00",120,1,"finished",4548339,"Булит 30.01 шв","https://www.chess.com/tournament/live/-3001--4548339","chess",1706639385,1706640338,"lightning",10,5,true,false,,2000,,,"swiss",2024
"2023-10-26T10:30:47-07:00","2023-10-26T11:00:14-07:00",300,2,"finished",4349511,"Блиц - 26.10","https://www.chess.com/tournament/live/---2610-4349511","chess",1698341447,1698343214,"blitz",10,8,true,false,,2000,,,"swiss",2023
"2023-10-18T10:45:58-07:00","2023-10-18T11:49:54-07:00",300,2,"finished",4335989,"Блиц 18.10","https://www.chess.com/tournament/live/-1810-4335989","chess",1697651158,1697654994,"blitz",10,13,true,false,,2000,,,"swiss",2023
"2023-10-03T10:00:40-07:00","2023-10-03T10:50:17-07:00",300,0,"finished",4319150,"Блиц-03.10 швейц","https://www.chess.com/tournament/live/-0310--4319150","chess",1696352440,1696355417,"blitz",10,25,true,false,,2000,,,"swiss",2023
"2023-07-24T11:00:58-07:00","2023-07-24T11:22:43-07:00",180,2,"finished",4185201,"Summer Tournament","https://www.chess.com/tournament/live/summer-tournament-4185201","chess",1690221658,1690222963,"blitz",10,7,true,false,,2000,,,"swiss",2023
"2023-07-05T11:30:09-07:00","2023-07-05T12:29:42-07:00",300,0,"finished",4146050,"Блиц- 5.7","https://www.chess.com/tournament/live/--57-4146050","chess",1688581809,1688585382,"blitz",10,14,true,false,,2000,,,"swiss",2023
"2023-06-30T09:59:58-07:00","2023-06-30T10:35:57-07:00",300,0,"finished",4133525,"Блиц 30","https://www.chess.com/tournament/live/-30-4133525","chess",1688144398,1688146557,"blitz",10,10,true,false,,2000,,,"swiss",2023
"2024-07-02T11:14:48-07:00","2024-07-02T12:44:48-07:00",120,1,"finished",3496767,"Булит 02.07","https://www.chess.com/tournament/live/arena/-0207-3496767","chess",1719944088,1719949488,"lightning",10,13,true,false,,3000,,,"arena",2024
"2024-07-01T10:59:23-07:00","2024-07-01T12:29:23-07:00",300,0,"finished",3495693,"Блиц - 01.07","https://www.chess.com/tournament/live/arena/---0107-3495693","chess",1719856763,1719862163,"blitz",10,14,true,false,,3000,,,"arena",2024
"2024-06-28T10:59:13-07:00","2024-06-28T12:59:13-07:00",300,2,"finished",3492607,"Фишер 960","https://www.chess.com/tournament/live/arena/-960-3492607","chess960",1719597553,1719604753,"blitz",10,11,true,false,,3000,,,"arena",2024
"2024-06-27T10:59:33-07:00","2024-06-27T12:29:33-07:00",180,2,"finished",3481849,"Блиц - 27.06","https://www.chess.com/tournament/live/arena/---2706-3481849","chess",1719511173,1719516573,"blitz",10,18,true,false,,3000,,,"arena",2024
"2024-06-25T10:59:44-07:00","2024-06-25T12:29:44-07:00",120,1,"finished",3479831,"Булит 25.06","https://www.chess.com/tournament/live/arena/-2506-3479831","chess",1719338384,1719343784,"lightning",10,14,true,false,,3000,,,"arena",2024
"2024-06-24T10:59:47-07:00","2024-06-24T12:29:47-07:00",300,0,"finished",3479083,"Блиц 24.06","https://www.chess.com/tournament/live/arena/-2406-3479083","chess",1719251987,1719257387,"blitz",10,17,true,false,,3000,,,"arena",2024
"2024-06-22T10:59:10-07:00","2024-06-22T12:59:10-07:00",600,5,"finished",3476977,"Фишер 960","https://www.chess.com/tournament/live/arena/-960-3476977","chess960",1719079150,1719086350,"standard",10,11,true,false,,3000,,,"arena",2024
"2024-06-21T10:59:37-07:00","2024-06-21T12:59:37-07:00",600,5,"finished",3476079,"Фишер 960","https://www.chess.com/tournament/live/arena/-960-3476079","chess960",1718992777,1718999977,"standard",10,15,true,false,,3000,,,"arena",2024
"2024-06-18T10:59:47-07:00","2024-06-18T12:29:47-07:00",120,1,"finished",3463257,"Булит 18.06","https://www.chess.com/tournament/live/arena/-1806-3463257","chess",1718733587,1718738987,"lightning",10,15,true,false,,3000,,,"arena",2024
"2024-06-17T10:59:04-07:00","2024-06-17T12:29:04-07:00",300,0,"finished",3462409,"БЛИЦ 17.06","https://www.chess.com/tournament/live/arena/-1706-3462409","chess",1718647144,1718652544,"blitz",10,9,true,false,,3000,,,"arena",2024
"2024-06-14T10:59:11-07:00","2024-06-14T12:29:11-07:00",300,2,"finished",3448705,"Фишер 960","https://www.chess.com/tournament/live/arena/-960-3448705","chess960",1718387951,1718393351,"blitz",10,12,true,false,,3000,,,"arena",2024
"2024-06-13T10:59:21-07:00","2024-06-13T12:29:21-07:00",180,2,"finished",3448667,"Блиц 13.06","https://www.chess.com/tournament/live/arena/-1306-3448667","chess",1718301561,1718306961,"blitz",10,12,true,false,,3000,,,"arena",2024
"2024-06-10T10:59:35-07:00","2024-06-10T12:29:35-07:00",300,0,"finished",3447298,"Блиц 10.06","https://www.chess.com/tournament/live/arena/-1006-3447298","chess",1718042375,1718047775,"blitz",10,21,true,false,,3000,,,"arena",2024
"2024-06-04T10:59:56-07:00","2024-06-04T12:29:56-07:00",120,1,"finished",3434338,"Булит 04.06","https://www.chess.com/tournament/live/arena/-0406-3434338","chess",1717523996,1717529396,"lightning",10,12,true,false,,3000,,,"arena",2024
"2024-05-30T10:59:34-07:00","2024-05-30T12:29:34-07:00",180,2,"finished",3420358,"Блиц-30.05","https://www.chess.com/tournament/live/arena/-3005-3420358","chess",1717091974,1717097374,"blitz",10,13,true,false,,3000,,,"arena",2024
"2024-05-29T10:59:55-07:00","2024-05-29T12:29:55-07:00",300,0,"finished",3420274,"Блиц-29.05","https://www.chess.com/tournament/live/arena/-2905-3420274","chess",1717005595,1717010995,"blitz",10,14,true,false,,3000,,,"arena",2024
"2024-05-27T10:59:15-07:00","2024-05-27T12:29:15-07:00",120,1,"finished",3420271,"Булит- 27.05","https://www.chess.com/tournament/live/arena/--2705-3420271","chess",1716832755,1716838155,"lightning",10,21,true,false,,3000,,,"arena",2024
"2024-05-26T11:49:51-07:00","2024-05-26T13:19:51-07:00",300,2,"finished",3419991,"Фишер 960","https://www.chess.com/tournament/live/arena/-960-3419991","chess960",1716749391,1716754791,"blitz",10,13,true,false,,3000,,,"arena",2024
"2024-05-23T10:59:35-07:00","2024-05-23T12:29:35-07:00",180,2,"finished",3408515,"Блиц 23.05","https://www.chess.com/tournament/live/arena/-2305-3408515","chess",1716487175,1716492575,"blitz",10,14,true,false,,3000,,,"arena",2024
"2024-05-21T10:59:22-07:00","2024-05-21T12:29:22-07:00",120,1,"finished",3407354,"Булит 21.05","https://www.chess.com/tournament/live/arena/-2105-3407354","chess",1716314362,1716319762,"lightning",10,20,true,false,,3000,,,"arena",2024
"2023-06-27T10:00:25-07:00","2023-06-27T10:50:30-07:00",600,0,"finished",4122034,"Рапид 27","https://www.chess.com/tournament/live/-27-4122034","chess",1687885225,1687888230,"standard",10,7,true,false,,2000,,,"swiss",2023
"2023-06-26T11:50:13-07:00","2023-06-26T12:04:54-07:00",120,1,"finished",4111567,"Булит 26","https://www.chess.com/tournament/live/-26-4111567","chess",1687805413,1687806294,"lightning",10,7,true,false,,2000,,,"swiss",2023
"2023-06-26T09:59:53-07:00","2023-06-26T11:32:21-07:00",180,2,"finished",4111487,"Блиц 26","https://www.chess.com/tournament/live/-26-4111487","chess",1687798793,1687804341,"blitz",10,23,true,false,,2000,,,"swiss",2023
"2023-06-25T10:00:13-07:00","2023-06-25T10:59:41-07:00",300,0,"finished",4111037,"Блиц 25","https://www.chess.com/tournament/live/-25-4111037","chess",1687712413,1687715981,"blitz",10,17,true,false,,2000,,,"swiss",2023
"2023-06-21T11:00:19-07:00","2023-06-21T11:32:32-07:00",180,0,"finished",4089198,"Блиц-21","https://www.chess.com/tournament/live/-21-4089198","chess",1687370419,1687372352,"blitz",10,13,true,false,,2000,,,"swiss",2023
"2023-06-20T11:00:35-07:00","2023-06-20T11:49:31-07:00",600,0,"finished",4088612,"Рапид 20","https://www.chess.com/tournament/live/-20-4088612","chess",1687284035,1687286971,"standard",10,9,true,false,,2000,,,"swiss",2023
"2023-06-19T10:30:10-07:00","2023-06-19T11:34:54-07:00",180,2,"finished",4088131,"Блиц-19","https://www.chess.com/tournament/live/-19-4088131","chess",1687195810,1687199694,"blitz",10,23,true,false,,2000,,,"swiss",2023
"2023-06-17T10:29:56-07:00","2023-06-17T11:31:07-07:00",300,2,"finished",4087059,"Блиц - 17","https://www.chess.com/tournament/live/---17-4087059","chess",1687022996,1687026667,"blitz",10,14,true,false,,2000,,,"swiss",2023
"2023-06-17T09:30:18-07:00","2023-06-17T09:58:47-07:00",120,1,"finished",4087058,"Булит-17","https://www.chess.com/tournament/live/-17-4087058","chess",1687019418,1687021127,"lightning",10,13,true,false,,2000,,,"swiss",2023
"2023-06-16T10:30:19-07:00","2023-06-16T11:06:47-07:00",180,0,"finished",4086548,"Блиц - 15","https://www.chess.com/tournament/live/---15-4086548","chess",1686936619,1686938807,"blitz",10,14,true,false,,2000,,,"swiss",2023
"2023-06-16T09:30:34-07:00","2023-06-16T10:13:57-07:00",120,1,"finished",4086543,"Булит-15","https://www.chess.com/tournament/live/-15-4086543","chess",1686933034,1686935637,"lightning",10,18,true,false,,2000,,,"swiss",2023
"2023-06-15T10:16:38-07:00","2023-06-15T11:02:18-07:00",180,0,"finished",4074786,"Swiss 3-1","https://www.chess.com/tournament/live/swiss-3-1-4074786","chess",1686849398,1686852138,"blitz",10,25,true,false,,2000,,,"swiss",2023
"2023-06-14T11:15:13-07:00","2023-06-14T11:46:23-07:00",120,1,"finished",4075724,"Булит 14-2","https://www.chess.com/tournament/live/-14-2-4075724","chess",1686766513,1686768383,"lightning",10,13,true,false,,2000,,,"swiss",2023
"2023-06-14T10:00:14-07:00","2023-06-14T10:44:10-07:00",120,1,"finished",4075481,"Булит-14","https://www.chess.com/tournament/live/-14-4075481","chess",1686762014,1686764650,"lightning",10,23,true,false,,2000,,,"swiss",2023
"2023-06-13T11:00:45-07:00","2023-06-13T11:42:17-07:00",120,1,"finished",4075069,"Булет 2/1","https://www.chess.com/tournament/live/-21-4075069","chess",1686679245,1686681737,"lightning",10,20,true,false,,2000,,,"swiss",2023
"2023-06-10T11:00:43-07:00","2023-06-10T11:48:17-07:00",180,2,"finished",4062765,"Блиц >1600","https://www.chess.com/tournament/live/-1600-4062765","chess",1686420043,1686422897,"blitz",10,12,true,false,,2000,,,"swiss",2023
"2023-06-10T11:01:09-07:00","2023-06-10T11:26:08-07:00",180,2,"finished",4062766,"Блиц <1600","https://www.chess.com/tournament/live/-1600-4062766","chess",1686420069,1686421568,"blitz",10,7,true,false,,2000,,,"swiss",2023
"2023-06-08T11:09:04-07:00","2023-06-08T11:40:09-07:00",120,1,"finished",4061276,"Swiss 2/1-1","https://www.chess.com/tournament/live/swiss-21-1-4061276","chess",1686247744,1686249609,"lightning",10,14,true,false,,2000,,,"swiss",2023
"2023-06-05T09:50:21-07:00","2023-06-05T10:29:10-07:00",180,0,"finished",4061209,"турнир","https://www.chess.com/tournament/live/-4061209","chess",1685983821,1685986150,"blitz",10,13,true,false,,2000,,,"swiss",2023
"2023-06-04T11:50:17-07:00","2023-06-04T12:43:20-07:00",120,1,"finished",4060750,"Булит","https://www.chess.com/tournament/live/-4060750","chess",1685904617,1685907800,"lightning",10,22,true,false,10,2000,,,"swiss",2023
"2024-05-20T10:59:21-07:00","2024-05-20T12:29:21-07:00",300,0,"finished",3406893,"Блиц 20.05","https://www.chess.com/tournament/live/arena/-2005-3406893","chess",1716227961,1716233361,"blitz",10,19,true,false,,3000,,,"arena",2024
"2024-05-19T10:59:23-07:00","2024-05-19T12:29:23-07:00",180,0,"finished",3406629,"Фишер - 19.05","https://www.chess.com/tournament/live/arena/---1905-3406629","chess960",1716141563,1716146963,"blitz",10,20,true,false,,3000,,,"arena",2024
"2024-05-17T10:29:58-07:00","2024-05-17T12:29:58-07:00",300,2,"finished",3405652,"Фишер шах 960","https://www.chess.com/tournament/live/arena/--960-3405652","chess960",1715966998,1715974198,"blitz",10,13,true,false,,3000,,,"arena",2024
"2024-05-16T10:59:35-07:00","2024-05-16T12:29:35-07:00",180,2,"finished",3395125,"Блиц 16.05","https://www.chess.com/tournament/live/arena/-1605-3395125","chess",1715882375,1715887775,"blitz",10,20,true,false,,3000,,,"arena",2024
"2024-05-14T10:59:41-07:00","2024-05-14T12:29:41-07:00",120,1,"finished",3394002,"Булит 14.05","https://www.chess.com/tournament/live/arena/-1405-3394002","chess",1715709581,1715714981,"lightning",10,20,true,false,,3000,,,"arena",2024
"2024-05-13T10:59:12-07:00","2024-05-13T12:29:12-07:00",300,0,"finished",3393633,"Блиц 13.05","https://www.chess.com/tournament/live/arena/-1305-3393633","chess",1715623152,1715628552,"blitz",10,16,true,false,,3000,,,"arena",2024
"2024-05-10T08:59:10-07:00","2024-05-10T11:59:10-07:00",600,5,"finished",3392014,"Fisher Chess","https://www.chess.com/tournament/live/arena/fisher-chess-3392014","chess960",1715356750,1715367550,"standard",10,21,true,false,,3000,,,"arena",2024
"2024-05-09T10:29:29-07:00","2024-05-09T13:29:29-07:00",600,5,"finished",3381650,"Фишер 960-09.05","https://www.chess.com/tournament/live/arena/-960-0905-3381650","chess960",1715275769,1715286569,"standard",10,16,true,false,,3000,,,"arena",2024
"2024-05-07T10:59:06-07:00","2024-05-07T12:29:06-07:00",120,1,"finished",3380790,"Булит 07.05","https://www.chess.com/tournament/live/arena/-0705-3380790","chess",1715104746,1715110146,"lightning",10,12,true,false,,3000,,,"arena",2024
"2024-05-06T10:29:29-07:00","2024-05-06T11:59:29-07:00",300,0,"finished",3380228,"Блиц 06.05","https://www.chess.com/tournament/live/arena/-0605-3380228","chess",1715016569,1715021969,"blitz",10,17,true,false,,3000,,,"arena",2024
"2024-05-03T10:29:12-07:00","2024-05-03T11:59:12-07:00",180,2,"finished",3378897,"960 03.05","https://www.chess.com/tournament/live/arena/960-0305-3378897","chess960",1714757352,1714762752,"blitz",10,15,true,false,,3000,,,"arena",2024
"2024-05-02T10:29:39-07:00","2024-05-02T11:59:39-07:00",180,2,"finished",3378213,"Блиц 02.05","https://www.chess.com/tournament/live/arena/-0205-3378213","chess",1714670979,1714676379,"blitz",10,15,true,false,,3000,,,"arena",2024
"2024-04-30T11:44:15-07:00","2024-04-30T12:44:15-07:00",180,2,"finished",3377340,"Блиц ""Велика"" 30.04","https://www.chess.com/tournament/live/arena/--3004-3377340","chess",1714502655,1714506255,"blitz",10,12,true,false,,3000,,,"arena",2024
"2024-04-30T10:29:37-07:00","2024-04-30T11:29:37-07:00",120,1,"finished",3377225,"Булит 30.04","https://www.chess.com/tournament/live/arena/-3004-3377225","chess",1714498177,1714501777,"lightning",10,18,true,false,,3000,,,"arena",2024
"2024-04-29T10:29:07-07:00","2024-04-29T12:29:07-07:00",300,0,"finished",3376818,"Блиц 29.04","https://www.chess.com/tournament/live/arena/-2904-3376818","chess",1714411747,1714418947,"blitz",10,11,true,false,,3000,,,"arena",2024
"2024-04-28T12:39:55-07:00","2024-04-28T13:39:55-07:00",120,1,"finished",3376410,"Булит 28.04","https://www.chess.com/tournament/live/arena/-2804-3376410","chess",1714333195,1714336795,"lightning",10,13,true,false,,3000,,,"arena",2024
"2024-04-26T11:14:21-07:00","2024-04-26T12:14:21-07:00",60,1,"finished",3375429,"Булит 26.04","https://www.chess.com/tournament/live/arena/-2604-3375429","chess",1714155261,1714158861,"lightning",10,8,true,false,,3000,,,"arena",2024
"2024-04-25T10:29:50-07:00","2024-04-25T12:29:50-07:00",180,2,"finished",3364839,"Блиц 25.04","https://www.chess.com/tournament/live/arena/-2504-3364839","chess",1714066190,1714073390,"blitz",10,19,true,false,,3000,,,"arena",2024
"2024-04-23T10:29:18-07:00","2024-04-23T12:29:18-07:00",120,1,"finished",3363747,"Булит 23.04","https://www.chess.com/tournament/live/arena/-2304-3363747","chess",1713893358,1713900558,"lightning",10,11,true,false,,3000,,,"arena",2024
"2024-04-22T10:29:08-07:00","2024-04-22T12:29:08-07:00",300,2,"finished",3363389,"Блиц 22.04","https://www.chess.com/tournament/live/arena/-2204-3363389","chess",1713806948,1713814148,"blitz",10,22,true,false,,3000,,,"arena",2024
"2023-05-26T08:31:21-07:00","2023-05-26T09:03:54-07:00",120,1,"finished",4046057,"Булит","https://www.chess.com/tournament/live/-4046057","chess",1685115081,1685117034,"lightning",10,14,true,false,5,2000,,,"swiss",2023
"2017-05-14T09:05:15-07:00","2017-05-14T09:36:24-07:00",300,0,"finished",838765,"„???????????? ????? ??????“ | ""Unity makes strength""","https://www.chess.com/tournament/live/----unity-makes-strength-838765","chess",1494777915,1494779784,"blitz",10,4,true,false,,,,,"swiss",2017
"2017-04-23T11:31:07-07:00","2017-04-23T11:48:55-07:00",180,0,"finished",828002,"3min  |  ??? ?? ????? ????","https://www.chess.com/tournament/live/3min--------828002","chess",1492972267,1492973335,"blitz",10,4,true,false,,,,,"swiss",2017
"2017-04-23T06:59:12-07:00","2017-04-23T07:31:51-07:00",300,0,"finished",826968,"????? ??????","https://www.chess.com/tournament/live/--826968","chess",1492955952,1492957911,"blitz",10,5,true,false,,,,,"swiss",2017
"2017-04-16T06:59:51-07:00","2017-04-16T07:23:13-07:00",180,2,"finished",823453,"????? ?????? + ????????","https://www.chess.com/tournament/live/----823453","chess",1492351191,1492352593,"blitz",10,7,true,false,,,,,"swiss",2017
"2017-04-09T06:59:50-07:00","2017-04-09T07:59:13-07:00",600,0,"finished",819717,"????? ?????? + ????????","https://www.chess.com/tournament/live/----819717","chess",1491746390,1491749953,"blitz",10,7,true,false,,,,,"swiss",2017
"2017-04-02T06:59:24-07:00","2017-04-02T08:24:40-07:00",300,5,"finished",816470,"????? ?????? (? ??????? ????????)","https://www.chess.com/tournament/live/-----816470","chess",1491141564,1491146680,"blitz",10,9,true,false,,,,,"swiss",2017
"2017-04-01T06:01:04-07:00","2017-04-01T07:31:40-07:00",600,10,"finished",816237,"Rapid ?????? ?? ????? ????????","https://www.chess.com/tournament/live/rapid-----816237","chess",1491051664,1491057100,"standard",10,7,true,false,,,,,"swiss",2017
"2017-03-26T06:59:56-07:00","2017-03-26T07:33:22-07:00",300,0,"finished",813104,"????? ??????","https://www.chess.com/tournament/live/--813104","chess",1490536796,1490538802,"blitz",10,7,true,false,,,,,"swiss",2017
"2017-03-25T10:59:50-07:00","2017-03-25T11:18:42-07:00",180,0,"finished",812248,"??????? ? ??????","https://www.chess.com/tournament/live/---812248","chess",1490464790,1490465922,"blitz",10,4,true,false,,,,,"swiss",2017
"2017-03-22T10:59:08-07:00","2017-03-22T12:02:09-07:00",300,5,"finished",810666,"??????? ? ?????","https://www.chess.com/tournament/live/---810666","chess",1490205548,1490209329,"blitz",10,4,true,false,,,,,"swiss",2017
"2017-03-21T11:59:23-07:00","2017-03-21T12:26:54-07:00",180,2,"finished",810610,"??????? ??? ???????","https://www.chess.com/tournament/live/---810610","chess",1490122763,1490124414,"blitz",10,6,true,false,,,,,"swiss",2017
"2017-03-19T10:59:57-07:00","2017-03-19T11:40:56-07:00",300,5,"finished",809534,"????? ??????","https://www.chess.com/tournament/live/--809534","chess",1489946397,1489948856,"blitz",10,7,true,false,,,,,"swiss",2017
"2017-03-12T09:30:34-07:00","2017-03-12T10:13:02-07:00",300,2,"finished",805837,"????? ??????","https://www.chess.com/tournament/live/--805837","chess",1489336234,1489338782,"blitz",10,6,true,false,4,100,,,"swiss",2017
"2017-03-12T08:00:30-07:00","2017-03-12T09:14:27-07:00",600,0,"finished",805824,"„????? ??????“","https://www.chess.com/tournament/live/--805824","chess960",1489330830,1489335267,"blitz",10,8,true,false,,,,,"swiss",2017
"2017-03-05T07:00:33-08:00","2017-03-05T08:17:23-08:00",300,5,"finished",802318,"????? ??????","https://www.chess.com/tournament/live/--802318","chess",1488726033,1488730643,"blitz",10,9,true,false,,,,,"swiss",2017
"2017-02-26T07:00:16-08:00","2017-02-26T08:40:13-08:00",300,5,"finished",798698,"????? ??????","https://www.chess.com/tournament/live/--798698","chess",1488121216,1488127213,"blitz",10,12,true,false,,,,,"swiss",2017
"2017-02-19T07:00:18-08:00","2017-02-19T07:30:53-08:00",300,0,"finished",795039,"????? ??????","https://www.chess.com/tournament/live/--795039","chess",1487516418,1487518253,"blitz",10,7,true,false,4,100,,,"swiss",2017
"2017-02-12T06:58:56-08:00","2017-02-12T07:34:49-08:00",180,2,"finished",791510,"????? ??????","https://www.chess.com/tournament/live/--791510","chess",1486911536,1486913689,"blitz",10,8,true,false,4,100,,,"swiss",2017
"2017-02-05T08:14:46-08:00","2017-02-05T09:26:13-08:00",300,2,"finished",787942,"????? ??????","https://www.chess.com/tournament/live/--787942","chess",1486311286,1486315573,"blitz",10,13,true,false,4,100,,,"swiss",2017
"2024-04-19T08:59:11-07:00","2024-04-19T11:59:11-07:00",600,5,"finished",3341447,"960 Rapid","https://www.chess.com/tournament/live/arena/960-rapid-3341447","chess960",1713542351,1713553151,"standard",10,30,true,false,,2000,,,"arena",2024
"2024-04-18T10:29:17-07:00","2024-04-18T12:29:17-07:00",180,2,"finished",3341362,"Блиц 18.04","https://www.chess.com/tournament/live/arena/-1804-3341362","chess",1713461357,1713468557,"blitz",10,20,true,false,,2000,,,"arena",2024
"2024-04-16T10:29:56-07:00","2024-04-16T12:29:56-07:00",120,1,"finished",3340456,"Булит 16.04","https://www.chess.com/tournament/live/arena/-1604-3340456","chess",1713288596,1713295796,"lightning",10,19,true,false,,2000,,,"arena",2024
"2024-04-15T10:29:50-07:00","2024-04-15T12:29:50-07:00",300,2,"finished",3340065,"Блиц 15.04","https://www.chess.com/tournament/live/arena/-1504-3340065","chess",1713202190,1713209390,"blitz",10,31,true,false,,2000,,,"arena",2024
"2024-04-12T08:59:25-07:00","2024-04-12T11:59:25-07:00",600,5,"finished",3328380,"Arena 960 Rapid","https://www.chess.com/tournament/live/arena/arena-960-rapid-3328380","chess960",1712937565,1712948365,"standard",10,21,true,false,,2000,,,"arena",2024
"2024-04-10T11:34:09-07:00","2024-04-10T12:34:09-07:00",180,2,"finished",3328024,"960-10.04","https://www.chess.com/tournament/live/arena/960-1004-3328024","chess960",1712774049,1712777649,"blitz",10,9,true,false,,2000,,,"arena",2024
"2024-04-09T10:29:44-07:00","2024-04-09T12:29:44-07:00",120,1,"finished",3327402,"Булит  09.24","https://www.chess.com/tournament/live/arena/--0924-3327402","chess",1712683784,1712690984,"lightning",10,16,true,false,,2000,,,"arena",2024
"2024-04-08T12:00:00-07:00","2024-04-08T14:00:00-07:00",300,0,"finished",3327099,"Блиц 08.04","https://www.chess.com/tournament/live/arena/-0804-3327099","chess",1712602800,1712610000,"blitz",10,13,true,false,,2000,,,"arena",2024
"2024-04-05T11:14:59-07:00","2024-04-05T12:44:59-07:00",180,2,"finished",3315718,"Блиц 05.04","https://www.chess.com/tournament/live/arena/-0504-3315718","chess",1712340899,1712346299,"blitz",10,7,true,false,,2000,,,"arena",2024
"2024-04-03T10:59:06-07:00","2024-04-03T12:59:06-07:00",600,0,"finished",3304795,"Рапид 10/0","https://www.chess.com/tournament/live/arena/-100-3304795","chess",1712167146,1712174346,"standard",10,14,true,false,,2000,,,"arena",2024
"2024-04-01T10:29:22-07:00","2024-04-01T12:29:22-07:00",300,0,"finished",3303830,"Блиц 01.04","https://www.chess.com/tournament/live/arena/-0104-3303830","chess",1711992562,1711999762,"blitz",10,17,true,false,,2000,,,"arena",2024
"2024-03-29T11:29:54-07:00","2024-03-29T13:29:54-07:00",180,2,"finished",3302274,"960 - 29.03","https://www.chess.com/tournament/live/arena/960---2903-3302274","chess960",1711736994,1711744194,"blitz",10,15,true,false,,2000,,,"arena",2024
"2024-03-27T11:29:09-07:00","2024-03-27T13:29:09-07:00",180,2,"finished",3291423,"Блиц 27.03","https://www.chess.com/tournament/live/arena/-2703-3291423","chess",1711564149,1711571349,"blitz",10,22,true,false,,2000,,,"arena",2024
"2024-03-26T11:29:43-07:00","2024-03-26T13:29:43-07:00",120,1,"finished",3290908,"Булит -  26.03","https://www.chess.com/tournament/live/arena/----2603-3290908","chess",1711477783,1711484983,"lightning",10,17,true,false,,2000,,,"arena",2024
"2024-03-25T11:29:50-07:00","2024-03-25T13:29:50-07:00",300,0,"finished",3290507,"Блиц 25.03","https://www.chess.com/tournament/live/arena/-2503-3290507","chess",1711391390,1711398590,"blitz",10,16,true,false,,2000,,,"arena",2024
"2024-03-21T11:59:43-07:00","2024-03-21T13:59:43-07:00",180,2,"finished",3278722,"Блиц 21.03","https://www.chess.com/tournament/live/arena/-2103-3278722","chess",1711047583,1711054783,"blitz",10,17,true,false,,2000,,,"arena",2024
"2024-03-19T11:29:16-07:00","2024-03-19T13:29:16-07:00",120,1,"finished",3277844,"Белите  19.03","https://www.chess.com/tournament/live/arena/--1903-3277844","chess",1710872956,1710880156,"lightning",10,13,true,false,,2000,,,"arena",2024
"2024-03-15T11:29:45-07:00","2024-03-15T13:29:45-07:00",180,2,"finished",3275906,"960 -15.03","https://www.chess.com/tournament/live/arena/960--1503-3275906","chess960",1710527385,1710534585,"blitz",10,8,true,false,,2000,,,"arena",2024
"2024-03-14T11:29:58-07:00","2024-03-14T13:29:58-07:00",180,2,"finished",3265313,"Блиц 14.03","https://www.chess.com/tournament/live/arena/-1403-3265313","chess",1710440998,1710448198,"blitz",10,17,true,false,,2000,,,"arena",2024
"2024-03-12T11:29:26-07:00","2024-03-12T13:29:26-07:00",120,1,"finished",3264446,"Булит 12.03","https://www.chess.com/tournament/live/arena/-1203-3264446","chess",1710268166,1710275366,"lightning",10,14,true,false,,2000,,,"arena",2024
"2017-02-05T06:58:58-08:00","2017-02-05T07:07:12-08:00",60,0,"finished",787882,"????? ?????? 1 ???.","https://www.chess.com/tournament/live/--1--787882","chess",1486306738,1486307232,"lightning",10,7,true,false,5,100,,,"swiss",2017
"2017-01-29T06:59:28-08:00","2017-01-29T08:36:25-08:00",300,5,"finished",784366,"?????? ????? ??????","https://www.chess.com/tournament/live/---784366","chess",1485701968,1485707785,"blitz",10,13,true,false,3,100,,,"swiss",2017
"2017-01-22T07:00:56-08:00","2017-01-22T07:51:33-08:00",300,2,"finished",780790,"?????? ????? ??????","https://www.chess.com/tournament/live/---780790","chess",1485097256,1485100293,"blitz",10,9,true,false,3,100,,,"swiss",2017
"2017-01-15T06:59:07-08:00","2017-01-15T07:31:04-08:00",180,2,"finished",777257,"?????? ? ??????","https://www.chess.com/tournament/live/---777257","chess",1484492347,1484494264,"blitz",10,6,true,false,3,100,,,"swiss",2017
"2017-01-08T06:59:28-08:00","2017-01-08T07:38:21-08:00",300,0,"finished",773690,"?????? ????? ??????","https://www.chess.com/tournament/live/---773690","chess",1483887568,1483889901,"blitz",10,8,true,false,3,100,,,"swiss",2017
"2017-01-01T07:59:20-08:00","2017-01-01T08:36:53-08:00",300,2,"finished",770144,"??????????? ????? ??????","https://www.chess.com/tournament/live/---770144","chess",1483286360,1483288613,"blitz",10,7,true,false,3,100,,,"swiss",2017
"2016-12-24T08:01:03-08:00","2016-12-24T08:40:55-08:00",300,2,"finished",765951,"??????? ????? ??????","https://www.chess.com/tournament/live/---765951","chess",1482595263,1482597655,"blitz",10,4,true,false,3,100,,,"swiss",2016
"2024-03-11T11:59:36-07:00","2024-03-11T13:59:36-07:00",300,0,"finished",3264040,"Блиц 11.03","https://www.chess.com/tournament/live/arena/-1103-3264040","chess",1710183576,1710190776,"blitz",10,21,true,false,,2000,,,"arena",2024
"2024-03-07T10:30:03-08:00","2024-03-07T12:30:03-08:00",180,2,"finished",3252191,"Блиц 07.03","https://www.chess.com/tournament/live/arena/-0703-3252191","chess",1709836203,1709843403,"blitz",10,14,true,false,,2000,,,"arena",2024
"2024-03-05T10:30:23-08:00","2024-03-05T12:30:23-08:00",120,1,"finished",3251152,"Булит 05.03","https://www.chess.com/tournament/live/arena/-0503-3251152","chess",1709663423,1709670623,"lightning",10,14,true,false,,2000,,,"arena",2024
"2024-03-04T11:00:17-08:00","2024-03-04T13:00:17-08:00",300,0,"finished",3250569,"Блиц 04.03","https://www.chess.com/tournament/live/arena/-0403-3250569","chess",1709578817,1709586017,"blitz",10,13,true,false,,2000,,,"arena",2024
"2024-03-03T10:44:57-08:00","2024-03-03T12:44:57-08:00",180,0,"finished",3250232,"960 - 03.03","https://www.chess.com/tournament/live/arena/960---0303-3250232","chess960",1709491497,1709498697,"blitz",10,9,true,false,,2000,,,"arena",2024
"2024-03-02T10:29:59-08:00","2024-03-02T11:29:59-08:00",180,0,"finished",3249721,"Блиц 02.03","https://www.chess.com/tournament/live/arena/-0203-3249721","chess",1709404199,1709407799,"blitz",10,9,true,false,,2000,,,"arena",2024
"2024-03-01T10:29:54-08:00","2024-03-01T12:29:54-08:00",180,2,"finished",3249142,"960- 01.03","https://www.chess.com/tournament/live/arena/960--0103-3249142","chess960",1709317794,1709324994,"blitz",10,15,true,false,,2000,,,"arena",2024
"2024-02-29T10:30:40-08:00","2024-02-29T12:30:40-08:00",180,2,"finished",3238586,"Блиц 29.02","https://www.chess.com/tournament/live/arena/-2902-3238586","chess",1709231440,1709238640,"blitz",10,17,true,false,,2000,,,"arena",2024
"2024-02-27T10:30:36-08:00","2024-02-27T12:30:36-08:00",120,1,"finished",3237567,"Булит 27.02","https://www.chess.com/tournament/live/arena/-2702-3237567","chess",1709058636,1709065836,"lightning",10,18,true,false,,2000,,,"arena",2024
"2024-02-26T11:00:08-08:00","2024-02-26T13:00:08-08:00",300,0,"finished",3237196,"Блиц 26.02","https://www.chess.com/tournament/live/arena/-2602-3237196","chess",1708974008,1708981208,"blitz",10,20,true,false,,2000,,,"arena",2024
"2024-02-23T10:30:13-08:00","2024-02-23T12:30:13-08:00",180,2,"finished",3235615,"960 - 23.02","https://www.chess.com/tournament/live/arena/960---2302-3235615","chess960",1708713013,1708720213,"blitz",10,18,true,false,,2000,,,"arena",2024
"2024-02-22T10:30:41-08:00","2024-02-22T12:30:41-08:00",180,2,"finished",3224992,"Блиц 22.02","https://www.chess.com/tournament/live/arena/-2202-3224992","chess",1708626641,1708633841,"blitz",10,19,true,false,,2000,,,"arena",2024
"2024-02-20T10:29:53-08:00","2024-02-20T12:29:53-08:00",120,1,"finished",3224105,"Булит 20.02","https://www.chess.com/tournament/live/arena/-2002-3224105","chess",1708453793,1708460993,"lightning",10,17,true,false,,2000,,,"arena",2024
"2024-02-20T09:00:19-08:00","2024-02-20T10:00:19-08:00",180,2,"finished",3224104,"Крейзи 20.02","https://www.chess.com/tournament/live/arena/-2002-3224104","crazyhouse",1708448419,1708452019,"blitz",10,11,true,false,,2000,,,"arena",2024
"2024-02-15T08:59:56-08:00","2024-02-15T10:59:56-08:00",180,2,"finished",3211714,"Блиц 15.02","https://www.chess.com/tournament/live/arena/-1502-3211714","chess",1708016396,1708023596,"blitz",10,23,true,false,,2000,,,"arena",2024
"2024-02-13T09:59:51-08:00","2024-02-13T11:59:51-08:00",120,1,"finished",3210680,"Булет 13.02","https://www.chess.com/tournament/live/arena/-1302-3210680","chess",1707847191,1707854391,"lightning",10,20,true,false,,2000,,,"arena",2024
"2024-02-12T11:00:18-08:00","2024-02-12T13:00:18-08:00",300,0,"finished",3210216,"Блиц 12.02 -арена","https://www.chess.com/tournament/live/arena/-1202---3210216","chess",1707764418,1707771618,"blitz",10,15,true,false,,2000,,,"arena",2024
"2024-02-03T10:00:18-08:00","2024-02-03T11:30:18-08:00",180,2,"finished",3195916,"Crazyhouse Arena","https://www.chess.com/tournament/live/arena/crazyhouse-arena-3195916","crazyhouse",1706983218,1706988618,"blitz",10,10,true,false,,2000,,,"arena",2024
"2024-01-29T09:59:45-08:00","2024-01-29T11:59:45-08:00",180,2,"finished",3183172,"Пиратска Арена","https://www.chess.com/tournament/live/arena/--3183172","chess",1706551185,1706558385,"blitz",10,19,true,false,,2000,,,"arena",2024
"2024-01-26T10:30:44-08:00","2024-01-26T12:30:44-08:00",180,0,"finished",3181860,"Блиц 26.01 - арена","https://www.chess.com/tournament/live/arena/-2601----3181860","chess",1706293844,1706301044,"blitz",10,11,true,false,,2000,,,"arena",2024
"2024-01-24T10:01:05-08:00","2024-01-24T12:01:05-08:00",300,2,"finished",3170508,"960-арена 24.01","https://www.chess.com/tournament/live/arena/960--2401-3170508","chess960",1706119265,1706126465,"blitz",10,29,true,false,,2000,,,"arena",2024
"2024-01-22T11:01:16-08:00","2024-01-22T12:31:16-08:00",120,1,"finished",3169505,"Булит 23.01 арена","https://www.chess.com/tournament/live/arena/-2301--3169505","chess",1705950076,1705955476,"lightning",10,11,true,false,,2000,,,"arena",2024
"2024-01-21T06:00:14-08:00","2024-01-21T08:00:14-08:00",180,0,"finished",3168822,"Блиц 21.01 арена","https://www.chess.com/tournament/live/arena/-2101--3168822","chess",1705845614,1705852814,"blitz",10,25,true,false,,2000,,,"arena",2024
"2024-01-17T10:30:21-08:00","2024-01-17T11:30:21-08:00",60,1,"finished",3156864,"Булит 17.01 - арена","https://www.chess.com/tournament/live/arena/-1701----3156864","chess",1705516221,1705519821,"lightning",10,14,true,false,,2000,,,"arena",2024
"2024-01-14T10:00:17-08:00","2024-01-14T12:00:17-08:00",180,0,"finished",3155451,"Блиц 14.01 арена","https://www.chess.com/tournament/live/arena/-1401--3155451","chess",1705255217,1705262417,"blitz",10,14,true,false,,2000,,,"arena",2024
"2024-01-13T10:00:41-08:00","2024-01-13T12:00:41-08:00",180,2,"finished",3154919,"Блиц 13.01 арена","https://www.chess.com/tournament/live/arena/-1301--3154919","chess",1705168841,1705176041,"blitz",10,21,true,false,,2000,,,"arena",2024
"2024-01-08T09:59:38-08:00","2024-01-08T11:59:38-08:00",180,2,"finished",3142625,"Blitz 3/2","https://www.chess.com/tournament/live/arena/blitz-32-3142625","chess",1704736778,1704743978,"blitz",10,13,true,false,,2000,,,"arena",2024
"2024-01-04T10:00:11-08:00","2024-01-04T12:00:11-08:00",120,1,"finished",3131046,"Arena 2/1","https://www.chess.com/tournament/live/arena/arena-21-3131046","chess",1704391211,1704398411,"lightning",10,20,true,false,,2000,,,"arena",2024
"2024-01-03T10:00:18-08:00","2024-01-03T12:00:18-08:00",300,2,"finished",3130668,"Arena 960 Blitz 5/2","https://www.chess.com/tournament/live/arena/arena-960-blitz-52-3130668","chess960",1704304818,1704312018,"blitz",10,15,true,false,,2000,,,"arena",2024
"2023-12-28T10:00:33-08:00","2023-12-28T12:00:33-08:00",180,2,"finished",3128627,"Blitz Arena ","https://www.chess.com/tournament/live/arena/blitz-arena--3128627","chess",1703786433,1703793633,"blitz",10,11,true,false,,2000,,,"arena",2023
"2023-12-21T10:30:03-08:00","2023-12-21T11:30:03-08:00",180,0,"finished",3126282,"Блиц 21.12 арена","https://www.chess.com/tournament/live/arena/-2112--3126282","chess",1703183403,1703187003,"blitz",10,11,true,false,,2000,,,"arena",2023
"2023-12-19T10:30:01-08:00","2023-12-19T12:00:01-08:00",120,1,"finished",3125611,"Булит 19.12 арена","https://www.chess.com/tournament/live/arena/-1912--3125611","chess",1703010601,1703016001,"lightning",10,15,true,false,,2000,,,"arena",2023
"2023-12-14T09:59:55-08:00","2023-12-14T11:59:55-08:00",120,1,"finished",3093827,"Arena bullet 2/1","https://www.chess.com/tournament/live/arena/arena-bullet-21-3093827","chess",1702576795,1702583995,"lightning",10,21,true,false,,2000,,,"arena",2023
"2023-12-12T09:59:53-08:00","2023-12-12T11:59:53-08:00",300,2,"finished",3093040,"Arena 960, blitz 5/2","https://www.chess.com/tournament/live/arena/arena-960-blitz-52-3093040","chess960",1702403993,1702411193,"blitz",10,23,true,false,,2000,,,"arena",2023
"2023-11-30T10:00:34-08:00","2023-11-30T12:00:34-08:00",600,2,"finished",3058444,"Arena 10/2","https://www.chess.com/tournament/live/arena/arena-102-3058444","chess",1701367234,1701374434,"standard",10,9,true,false,,2000,,,"arena",2023
"2023-11-29T10:00:09-08:00","2023-11-29T12:00:09-08:00",600,0,"finished",3058049,"Rapid Arena 10/0","https://www.chess.com/tournament/live/arena/rapid-arena-100-3058049","chess",1701280809,1701288009,"standard",10,11,true,false,,2000,,,"arena",2023
"2023-11-28T10:59:49-08:00","2023-11-28T12:59:49-08:00",180,0,"finished",3057714,"Блиц 28.11-арена","https://www.chess.com/tournament/live/arena/-2811--3057714","chess",1701197989,1701205189,"blitz",10,16,true,false,,2000,,,"arena",2023
"2023-11-27T10:00:28-08:00","2023-11-27T11:30:28-08:00",120,1,"finished",3057307,"Arena 2/1","https://www.chess.com/tournament/live/arena/arena-21-3057307","chess",1701108028,1701113428,"lightning",10,17,true,false,,2000,,,"arena",2023
"2023-11-24T09:59:51-08:00","2023-11-24T11:59:51-08:00",180,2,"finished",3056191,"960 Arena 3/2","https://www.chess.com/tournament/live/arena/960-arena-32-3056191","chess960",1700848791,1700855991,"blitz",10,14,true,false,,2000,,,"arena",2023
"2023-11-22T10:00:29-08:00","2023-11-22T12:00:29-08:00",300,2,"finished",3045532,"Arena 5/2","https://www.chess.com/tournament/live/arena/arena-52-3045532","chess",1700676029,1700683229,"blitz",10,18,true,false,,2000,,,"arena",2023
"2023-11-21T10:30:39-08:00","2023-11-21T12:30:39-08:00",180,0,"finished",3045208,"Блиц -21.11-арена","https://www.chess.com/tournament/live/arena/--2111--3045208","chess",1700591439,1700598639,"blitz",10,16,true,false,,2000,,,"arena",2023
"2023-11-15T10:01:29-08:00","2023-11-15T12:01:29-08:00",180,2,"finished",3032843,"Arena Blitz","https://www.chess.com/tournament/live/arena/arena-blitz-3032843","chess",1700071289,1700078489,"blitz",10,18,true,false,,2000,,,"arena",2023
"2023-11-10T10:30:41-08:00","2023-11-10T12:30:41-08:00",120,1,"finished",3031083,"Белите  10.11","https://www.chess.com/tournament/live/arena/--1011-3031083","chess",1699641041,1699648241,"lightning",10,14,true,false,,2000,,,"arena",2023
"2023-11-08T09:59:43-08:00","2023-11-08T11:59:43-08:00",180,2,"finished",3020311,"Blitz 3/2","https://www.chess.com/tournament/live/arena/blitz-32-3020311","chess",1699466383,1699473583,"blitz",10,21,true,false,,2000,,,"arena",2023
"2023-11-07T11:46:01-08:00","2023-11-07T13:16:01-08:00",180,0,"finished",3020052,"Блиц - 07.11","https://www.chess.com/tournament/live/arena/---0711-3020052","chess",1699386361,1699391761,"blitz",10,11,true,false,,2000,,,"arena",2023
"2023-11-06T11:30:30-08:00","2023-11-06T13:30:30-08:00",180,2,"finished",3019707,"Блиц 06.11","https://www.chess.com/tournament/live/arena/-0611-3019707","chess",1699299030,1699306230,"blitz",10,21,true,false,,2000,,,"arena",2023
"2023-11-03T11:00:12-07:00","2023-11-03T13:00:12-07:00",120,1,"finished",3018509,"Bullet Arena","https://www.chess.com/tournament/live/arena/bullet-arena-3018509","chess",1699034412,1699041612,"lightning",10,15,true,false,,2000,,,"arena",2023
"2023-11-02T11:01:49-07:00","2023-11-02T13:01:49-07:00",180,2,"finished",3008061,"Blitz Arena","https://www.chess.com/tournament/live/arena/blitz-arena-3008061","chess",1698948109,1698955309,"blitz",10,18,true,false,,2000,,,"arena",2023
"2023-10-30T12:30:28-07:00","2023-10-30T14:30:28-07:00",300,0,"finished",3007023,"Блиц - 30.10","https://www.chess.com/tournament/live/arena/---3010-3007023","chess",1698694228,1698701428,"blitz",10,10,true,false,,2000,,,"arena",2023
"2023-10-29T12:30:20-07:00","2023-10-29T14:30:20-07:00",120,1,"finished",3006620,"Булит 29.10","https://www.chess.com/tournament/live/arena/-2910-3006620","chess",1698607820,1698615020,"lightning",10,9,true,false,,2000,,,"arena",2023
"2023-10-27T10:00:07-07:00","2023-10-27T12:00:07-07:00",180,2,"finished",3005768,"Арена 3/2","https://www.chess.com/tournament/live/arena/-32-3005768","chess",1698426007,1698433207,"blitz",10,20,true,false,,2000,,,"arena",2023
"2023-10-24T10:00:57-07:00","2023-10-24T11:30:57-07:00",60,1,"finished",2994685,"Булит - 24.10 ","https://www.chess.com/tournament/live/arena/---2410--2994685","chess",1698166857,1698172257,"lightning",10,20,true,false,,2000,,,"arena",2023
"2023-10-23T10:00:13-07:00","2023-10-23T12:00:13-07:00",180,2,"finished",2994298,"960 Arena","https://www.chess.com/tournament/live/arena/960-arena-2994298","chess960",1698080413,1698087613,"blitz",10,19,true,false,,2000,,,"arena",2023
"2023-10-19T10:45:09-07:00","2023-10-19T12:15:09-07:00",180,2,"finished",2982776,"960 - 19.10 - АРЕНА","https://www.chess.com/tournament/live/arena/960---1910----2982776","chess960",1697737509,1697742909,"blitz",10,11,true,false,,2000,,,"arena",2023
"2023-10-17T10:30:27-07:00","2023-10-17T12:00:27-07:00",120,1,"finished",2982066,"Arena Bullet","https://www.chess.com/tournament/live/arena/arena-bullet-2982066","chess",1697563827,1697569227,"lightning",10,15,true,false,,2000,,,"arena",2023
"2023-10-15T10:00:44-07:00","2023-10-15T12:00:44-07:00",180,2,"finished",2981333,"Arena 960","https://www.chess.com/tournament/live/arena/arena-960-2981333","chess960",1697389244,1697396444,"blitz",10,26,true,false,,2000,,,"arena",2023
"2023-10-12T10:00:14-07:00","2023-10-12T12:00:14-07:00",600,0,"finished",2970218,"Rapid Arena","https://www.chess.com/tournament/live/arena/rapid-arena-2970218","chess",1697130014,1697137214,"standard",10,22,true,false,,2000,,,"arena",2023
"2023-10-11T10:45:39-07:00","2023-10-11T12:15:39-07:00",60,0,"finished",2969953,"Arena Bullet","https://www.chess.com/tournament/live/arena/arena-bullet-2969953","chess",1697046339,1697051739,"lightning",10,11,true,false,,2000,,,"arena",2023
"2023-10-10T10:30:54-07:00","2023-10-10T12:00:54-07:00",180,2,"finished",2969553,"Arena 960","https://www.chess.com/tournament/live/arena/arena-960-2969553","chess960",1696959054,1696964454,"blitz",10,24,true,false,,2000,,,"arena",2023
"2023-10-09T10:30:48-07:00","2023-10-09T11:30:48-07:00",60,1,"finished",2969189,"Булит  09.10 - арена","https://www.chess.com/tournament/live/arena/--0910----2969189","chess",1696872648,1696876248,"lightning",10,16,true,false,,2000,,,"arena",2023
"2023-10-08T11:00:14-07:00","2023-10-08T13:00:14-07:00",180,0,"finished",2968795,"Блиц 08.10 - арена","https://www.chess.com/tournament/live/arena/-0810----2968795","chess",1696788014,1696795214,"blitz",10,30,true,false,,2000,,,"arena",2023
"2023-10-05T11:00:04-07:00","2023-10-05T13:00:04-07:00",180,0,"finished",2967734,"Блиц - 05.10 арена","https://www.chess.com/tournament/live/arena/---0510--2967734","chess",1696528804,1696536004,"blitz",10,19,true,false,,2000,,,"arena",2023
"2023-10-02T11:01:05-07:00","2023-10-02T13:01:05-07:00",120,1,"finished",2966495,"Булит -арена 02.10","https://www.chess.com/tournament/live/arena/---0210-2966495","chess",1696269665,1696276865,"lightning",10,15,true,false,,2000,,,"arena",2023
"2023-09-28T10:00:20-07:00","2023-09-28T12:00:20-07:00",180,2,"finished",2955021,"Arena Blitz 3/2","https://www.chess.com/tournament/live/arena/arena-blitz-32-2955021","chess",1695920420,1695927620,"blitz",10,26,true,false,,2000,,,"arena",2023
"2023-09-25T10:00:22-07:00","2023-09-25T12:00:22-07:00",180,2,"finished",2953925,"Arena 960","https://www.chess.com/tournament/live/arena/arena-960-2953925","chess960",1695661222,1695668422,"blitz",10,17,true,false,,2000,,,"arena",2023
"2023-09-21T10:00:48-07:00","2023-09-21T12:00:48-07:00",180,2,"finished",2942444,"Arena Blitz 3/2","https://www.chess.com/tournament/live/arena/arena-blitz-32-2942444","chess",1695315648,1695322848,"blitz",10,23,true,false,,2000,,,"arena",2023
"2023-09-20T11:07:31-07:00","2023-09-20T12:07:31-07:00",120,1,"finished",2942132,"960 арена","https://www.chess.com/tournament/live/arena/960--2942132","chess960",1695233251,1695236851,"lightning",10,11,true,false,,2000,,,"arena",2023
"2023-09-19T09:59:57-07:00","2023-09-19T11:59:57-07:00",600,0,"finished",2941669,"Rapid Arena 10/0","https://www.chess.com/tournament/live/arena/rapid-arena-100-2941669","chess",1695142797,1695149997,"standard",10,26,true,false,,2000,,,"arena",2023
"2023-09-15T11:00:01-07:00","2023-09-15T12:00:01-07:00",60,1,"finished",2940308,"Bullet 1/1","https://www.chess.com/tournament/live/arena/bullet-11-2940308","chess",1694800801,1694804401,"lightning",10,14,true,false,,2000,,,"arena",2023
"2023-09-14T10:40:28-07:00","2023-09-14T11:40:28-07:00",120,1,"finished",2929963,"Булит арена 14.9","https://www.chess.com/tournament/live/arena/--149-2929963","chess",1694713228,1694716828,"lightning",10,11,true,false,,2000,,,"arena",2023
"2023-09-13T10:00:24-07:00","2023-09-13T12:00:24-07:00",180,2,"finished",2929572,"Arena Blitz","https://www.chess.com/tournament/live/arena/arena-blitz-2929572","chess",1694624424,1694631624,"blitz",10,24,true,false,,2000,,,"arena",2023
"2023-09-10T10:00:13-07:00","2023-09-10T12:00:13-07:00",180,2,"finished",2928384,"Arena 960","https://www.chess.com/tournament/live/arena/arena-960-2928384","chess960",1694365213,1694372413,"blitz",10,19,true,false,,2000,,,"arena",2023
"2023-09-09T09:59:50-07:00","2023-09-09T11:59:50-07:00",180,2,"finished",2928099,"960 Arena ","https://www.chess.com/tournament/live/arena/960-arena--2928099","chess",1694278790,1694285990,"blitz",10,12,true,false,,2000,,,"arena",2023
"2023-09-08T10:00:27-07:00","2023-09-08T11:30:27-07:00",60,1,"finished",2927784,"Arena 1/1","https://www.chess.com/tournament/live/arena/arena-11-2927784","chess",1694192427,1694197827,"lightning",10,20,true,false,,2000,,,"arena",2023
"2023-08-31T11:00:35-07:00","2023-08-31T11:30:35-07:00",60,0,"finished",2904928,"Булит 31.8","https://www.chess.com/tournament/live/arena/-318-2904928","chess",1693504835,1693506635,"lightning",10,10,true,false,,2000,,,"arena",2023
"2023-08-28T10:00:32-07:00","2023-08-28T11:30:32-07:00",180,0,"finished",2903830,"Блиц 28.8 арена","https://www.chess.com/tournament/live/arena/-288--2903830","chess",1693242032,1693247432,"blitz",10,25,true,false,,2000,,,"arena",2023
"2023-08-25T10:15:02-07:00","2023-08-25T11:45:02-07:00",180,2,"finished",2902798,"Блиц 25.8 >1600","https://www.chess.com/tournament/live/arena/-258-1600-2902798","chess",1692983702,1692989102,"blitz",10,21,true,false,,2000,,,"arena",2023
"2023-08-23T09:31:01-07:00","2023-08-23T12:31:01-07:00",600,5,"finished",2892084,"Arena Rapid 10/5","https://www.chess.com/tournament/live/arena/arena-rapid-105-2892084","chess",1692808261,1692819061,"standard",10,20,true,false,,2000,,,"arena",2023
"2023-08-22T10:29:49-07:00","2023-08-22T11:59:49-07:00",180,0,"finished",2891836,"Arena Blitz 3/0","https://www.chess.com/tournament/live/arena/arena-blitz-30-2891836","chess",1692725389,1692730789,"blitz",10,21,true,false,,2000,,,"arena",2023
"2023-08-21T10:30:16-07:00","2023-08-21T12:30:16-07:00",180,2,"finished",2891509,"Arena 960 Blitz 3/2","https://www.chess.com/tournament/live/arena/arena-960-blitz-32-2891509","chess960",1692639016,1692646216,"blitz",10,17,true,false,,2000,,,"arena",2023
"2023-08-20T10:59:44-07:00","2023-08-20T12:59:44-07:00",120,1,"finished",2891156,"Булит 20.8","https://www.chess.com/tournament/live/arena/-208-2891156","chess",1692554384,1692561584,"lightning",10,14,true,false,,2000,,,"arena",2023
"2023-08-18T10:00:40-07:00","2023-08-18T11:30:40-07:00",300,2,"finished",2890415,"Blitz Arena 18.08","https://www.chess.com/tournament/live/arena/blitz-arena-1808-2890415","chess",1692378040,1692383440,"blitz",10,17,true,false,,2000,,,"arena",2023
"2023-08-16T10:04:35-07:00","2023-08-16T12:04:35-07:00",180,2,"finished",2879694,"Arena Summer 16.08","https://www.chess.com/tournament/live/arena/arena-summer-1608-2879694","chess",1692205475,1692212675,"blitz",10,21,true,false,,2000,,,"arena",2023
"2023-08-13T10:00:49-07:00","2023-08-13T11:30:49-07:00",60,0,"finished",2878578,"Булит 13.8-арена","https://www.chess.com/tournament/live/arena/-138--2878578","chess",1691946049,1691951449,"lightning",10,21,true,false,,2000,,,"arena",2023
"2023-08-12T11:00:27-07:00","2023-08-12T12:30:27-07:00",300,0,"finished",2878284,"Блиц 12.8 арена","https://www.chess.com/tournament/live/arena/-128--2878284","chess",1691863227,1691868627,"blitz",10,20,true,false,,2000,,,"arena",2023
"2023-08-07T10:01:01-07:00","2023-08-07T12:01:01-07:00",120,1,"finished",2866460,"Булит 7.8-арена","https://www.chess.com/tournament/live/arena/-78--2866460","chess",1691427661,1691434861,"lightning",10,22,true,false,,2000,,,"arena",2023
"2023-08-06T10:05:21-07:00","2023-08-06T11:35:21-07:00",300,2,"finished",2866098,"friendly","https://www.chess.com/tournament/live/arena/friendly-2866098","chess960",1691341521,1691346921,"blitz",10,25,true,false,,2000,,,"arena",2023
"2023-08-05T10:30:18-07:00","2023-08-05T12:00:18-07:00",180,0,"finished",2865762,"Blitz Arena 2","https://www.chess.com/tournament/live/arena/blitz-arena-2-2865762","chess",1691256618,1691262018,"blitz",10,8,true,false,,2000,,,"arena",2023
"2023-08-04T10:00:32-07:00","2023-08-04T12:00:32-07:00",180,2,"finished",2865337,"Summer Arena Blitz","https://www.chess.com/tournament/live/arena/summer-arena-blitz-2865337","chess",1691168432,1691175632,"blitz",10,22,true,false,,2000,,,"arena",2023
"2023-08-03T09:59:55-07:00","2023-08-03T11:59:55-07:00",600,2,"finished",2854883,"Summer Rapid Arena 2","https://www.chess.com/tournament/live/arena/summer-rapid-arena-2-2854883","chess",1691081995,1691089195,"standard",10,11,true,false,,2000,,,"arena",2023
"2023-08-02T09:59:42-07:00","2023-08-02T11:59:42-07:00",180,2,"finished",2854506,"Summer Blitz Arena 2","https://www.chess.com/tournament/live/arena/summer-blitz-arena-2-2854506","chess",1690995582,1691002782,"blitz",10,15,true,false,,2000,,,"arena",2023
"2023-08-01T10:01:26-07:00","2023-08-01T12:01:26-07:00",120,1,"finished",2854089,"Summer Bullet Arena","https://www.chess.com/tournament/live/arena/summer-bullet-arena-2854089","chess",1690909286,1690916486,"lightning",10,15,true,false,,2000,,,"arena",2023
"2023-07-27T10:00:50-07:00","2023-07-27T12:00:50-07:00",600,0,"finished",2842326,"Summer Rapid Arena","https://www.chess.com/tournament/live/arena/summer-rapid-arena-2842326","chess",1690477250,1690484450,"standard",10,20,true,false,,2000,,,"arena",2023
"2023-07-26T10:00:02-07:00","2023-07-26T12:00:02-07:00",300,0,"finished",2842010,"Summer Blitz Arena","https://www.chess.com/tournament/live/arena/summer-blitz-arena-2842010","chess",1690390802,1690398002,"blitz",10,15,true,false,,2000,,,"arena",2023
"2023-07-25T10:01:40-07:00","2023-07-25T12:01:40-07:00",120,1,"finished",2841710,"Summer Bullet Arena","https://www.chess.com/tournament/live/arena/summer-bullet-arena-2841710","chess",1690304500,1690311700,"lightning",10,21,true,false,,2000,,,"arena",2023
"2023-07-20T09:44:48-07:00","2023-07-20T10:44:48-07:00",120,1,"finished",2830128,"Булит - 20.7 арена","https://www.chess.com/tournament/live/arena/---207--2830128","chess",1689871488,1689875088,"lightning",10,10,true,false,,2000,,,"arena",2023
"2023-07-18T10:30:46-07:00","2023-07-18T12:30:46-07:00",180,0,"finished",2829366,"Блиц -18.7 арена","https://www.chess.com/tournament/live/arena/--187--2829366","chess",1689701446,1689708646,"blitz",10,21,true,false,,2000,,,"arena",2023
"2023-07-17T10:30:54-07:00","2023-07-17T12:30:54-07:00",180,2,"finished",2829042,"Блиц -17.7","https://www.chess.com/tournament/live/arena/--177-2829042","chess",1689615054,1689622254,"blitz",10,11,true,false,,2000,,,"arena",2023
"2023-07-15T11:00:14-07:00","2023-07-15T13:00:14-07:00",180,0,"finished",2828415,"Блиц-15.7 арена","https://www.chess.com/tournament/live/arena/-157--2828415","chess",1689444014,1689451214,"blitz",10,14,true,false,,2000,,,"arena",2023
"2023-07-14T10:30:30-07:00","2023-07-14T12:30:30-07:00",180,2,"finished",2828059,"Блиц - 14.7","https://www.chess.com/tournament/live/arena/---147-2828059","chess",1689355830,1689363030,"blitz",10,15,true,false,,2000,,,"arena",2023
"2023-07-13T11:00:40-07:00","2023-07-13T13:00:40-07:00",120,1,"finished",2817766,"Булит  13.7 арена","https://www.chess.com/tournament/live/arena/--137--2817766","chess",1689271240,1689278440,"lightning",10,11,true,false,,2000,,,"arena",2023
"2023-07-07T11:00:21-07:00","2023-07-07T13:00:21-07:00",120,1,"finished",2815761,"Булит-7.7 - арена","https://www.chess.com/tournament/live/arena/-77----2815761","chess",1688752821,1688760021,"lightning",10,18,true,false,,2000,,,"arena",2023
"2023-07-06T11:01:18-07:00","2023-07-06T13:01:18-07:00",600,2,"finished",2805436,"Рапид - 6.7 - арена","https://www.chess.com/tournament/live/arena/---67----2805436","chess",1688666478,1688673678,"standard",10,16,true,false,,2000,,,"arena",2023
"2023-07-04T10:00:08-07:00","2023-07-04T12:00:08-07:00",180,2,"finished",2804756,"Блиц-4.7 арена","https://www.chess.com/tournament/live/arena/-47--2804756","chess",1688490008,1688497208,"blitz",10,18,true,false,,2000,,,"arena",2023
"2023-07-03T11:30:06-07:00","2023-07-03T13:00:06-07:00",180,0,"finished",2804468,"Блиц 3.7 арена","https://www.chess.com/tournament/live/arena/-37--2804468","chess",1688409006,1688414406,"blitz",10,19,true,false,,2000,,,"arena",2023
"2023-07-01T10:00:37-07:00","2023-07-01T11:30:37-07:00",120,1,"finished",2793804,"Булит 1 арена","https://www.chess.com/tournament/live/arena/-1--2793804","chess",1688230837,1688236237,"lightning",10,14,true,false,,2000,,,"arena",2023
"2023-06-30T11:30:08-07:00","2023-06-30T12:30:08-07:00",120,1,"finished",2793483,"Булит 30 арена","https://www.chess.com/tournament/live/arena/-30--2793483","chess",1688149808,1688153408,"lightning",10,12,true,false,,2000,,,"arena",2023
"2023-06-29T10:00:19-07:00","2023-06-29T12:00:19-07:00",180,0,"finished",2783106,"Блиц 29 арена","https://www.chess.com/tournament/live/arena/-29--2783106","chess",1688058019,1688065219,"blitz",10,16,true,false,,2000,,,"arena",2023
"2023-06-28T09:59:55-07:00","2023-06-28T11:59:55-07:00",120,1,"finished",2782710,"Булит 28 арена","https://www.chess.com/tournament/live/arena/-28--2782710","chess",1687971595,1687978795,"lightning",10,27,true,false,,2000,,,"arena",2023
"2023-06-24T10:00:19-07:00","2023-06-24T12:00:19-07:00",120,1,"finished",2771320,"Булит 24 арена","https://www.chess.com/tournament/live/arena/-24--2771320","chess",1687626019,1687633219,"lightning",10,23,true,false,,2000,,,"arena",2023
"2023-06-23T10:00:17-07:00","2023-06-23T11:00:17-07:00",180,2,"finished",2770894,"Блиц - 23 арена","https://www.chess.com/tournament/live/arena/---23--2770894","chess",1687539617,1687543217,"blitz",10,19,true,false,,2000,,,"arena",2023
"2023-06-22T10:01:09-07:00","2023-06-22T11:31:09-07:00",180,0,"finished",2750303,"Блиц - 22 арена","https://www.chess.com/tournament/live/arena/---22--2750303","chess",1687453269,1687458669,"blitz",10,19,true,false,,2000,,,"arena",2023
"2023-06-20T09:30:29-07:00","2023-06-20T10:30:29-07:00",120,1,"finished",2749834,"Булет-20 арена","https://www.chess.com/tournament/live/arena/-20--2749834","chess",1687278629,1687282229,"lightning",10,12,true,false,,2000,,,"arena",2023
"2023-06-19T09:30:28-07:00","2023-06-19T10:00:28-07:00",120,1,"finished",2749432,"Булит-арена -19","https://www.chess.com/tournament/live/arena/---19-2749432","chess",1687192228,1687194028,"lightning",10,15,true,false,,2000,,,"arena",2023